GROUP,PACKAGE,CLASS,INSTRUCTION_MISSED,INSTRUCTION_COVERED,BRANCH_MISSED,BRANCH_COVERED,LINE_MISSED,LINE_COVERED,COMPLEXITY_MISSED,COMPLEXITY_COVERED,METHOD_MISSED,METHOD_COVERED
biblioteca,ar.edu.unahur.obj2.usuarios,Usuario.Estado,27,0,0,0,5,0,1,0,1,0
biblioteca,ar.edu.unahur.obj2.usuarios,Usuario,55,0,2,0,20,0,9,0,8,0
biblioteca,ar.edu.unahur.obj2.exceptions,UsuarioSinPrestamosDisponiblesException,4,0,0,0,2,0,1,0,1,0
biblioteca,ar.edu.unahur.obj2.exceptions,UsuarioNoRegistradoException,4,0,0,0,2,0,1,0,1,0
biblioteca,ar.edu.unahur.obj2.exceptions,UsuarioYaRegistradoException,4,0,0,0,2,0,1,0,1,0
biblioteca,ar.edu.unahur.obj2.exceptions,LibroInexistenteException,4,0,0,0,2,0,1,0,1,0
biblioteca,ar.edu.unahur.obj2.exceptions,PrestamoNoRenovableException,4,0,0,0,2,0,1,0,1,0
biblioteca,ar.edu.unahur.obj2.exceptions,UsuarioInactivoException,4,0,0,0,2,0,1,0,1,0
biblioteca,ar.edu.unahur.obj2.exceptions,PrestamoVencidoException,4,0,0,0,2,0,1,0,1,0
biblioteca,ar.edu.unahur.obj2.exceptions,LibroNoDisponibleException,4,0,0,0,2,0,1,0,1,0
biblioteca,ar.edu.unahur.obj2.exceptions,UsuarioInhabilitadoException,4,0,0,0,2,0,1,0,1,0
biblioteca,ar.edu.unahur.obj2.exceptions,UsuarioNoAsociableException,4,0,0,0,2,0,1,0,1,0
biblioteca,ar.edu.unahur.obj2.exceptions,PrestamoFinalizadoException,4,0,0,0,2,0,1,0,1,0
biblioteca,ar.edu.unahur.obj2.exceptions,UsuarioNoReasociableException,4,0,0,0,2,0,1,0,1,0
biblioteca,ar.edu.unahur.obj2.exceptions,PrestamoSinRenovacionesDisponiblesException,4,0,0,0,2,0,1,0,1,0
biblioteca,ar.edu.unahur.obj2.libros,Libro,6,47,0,0,2,14,2,3,2,3
biblioteca,ar.edu.unahur.obj2.libros,Libro.Estado,0,27,0,0,0,5,0,1,0,1
biblioteca,ar.edu.unahur.obj2.libros,Libro.Idioma,33,0,0,0,6,0,1,0,1,0
biblioteca,ar.edu.unahur.obj2.libros,Libro.Categoria,147,0,0,0,25,0,1,0,1,0
biblioteca,ar.edu.unahur.obj2.prestamos,Prestamo.Estado,0,15,0,0,0,3,0,1,0,1
biblioteca,ar.edu.unahur.obj2.prestamos,Prestamo,21,48,0,0,6,18,5,7,5,7
biblioteca,ar.edu.unahur.obj2,Main,7,0,0,0,3,0,2,0,2,0
biblioteca,ar.edu.unahur.obj2.biblioteca,Biblioteca,399,38,56,0,84,12,49,2,21,2
